{
    "providers": [
        {
            "type": "bitmap",
            "file": "minecraft:font/minecraft_photopea.png",
            "ascent": 7,
            "height": 7,
            "chars": [
                    "\u00E0"
                ]
        },
        {
            "type": "bitmap",
            "file": "minecraft:font/таксист.png",
            "ascent": 7,
            "height": 7,
            "chars": [
                    "\u00E1"
                ]
        },
        {
            "type": "bitmap",
            "file": "minecraft:font/универсам.png",
            "ascent": 7,
            "height": 7,
            "chars": [
                    "\u00E5"
                ]
        },
        {
            "type": "bitmap",
            "file": "minecraft:font/полиция.png",
            "ascent": 7,
            "height": 7,
            "chars": [
                    "\u00E7"
                ]
        },
        {
            "type": "bitmap",
            "file": "minecraft:font/врач.png",
            "ascent": 7,
            "height": 7,
            "chars": [
                    "\u00E8"
                ]
        },
        {
            "type": "bitmap",
            "file": "minecraft:font/4erep.png",
            "ascent": 9,
            "height": 9,
            "chars": [
                    "\u00C6"
                ]
        },
        {
            "type": "bitmap",
            "file": "minecraft:font/грузчик.png",
            "ascent": 7,
            "height": 7,
            "chars": [
                    "\u00F0"
                ]
        }
    ]
}